"id";"user_name";"user_password";"user_role";"first_name";"last_name";"email";"phone_number";"address";"city";"state";"zip_code";"country"
2;"SamanthaKrall";"root";1;"Samantha";"Krall";"me@catsRUs.com";2147483647;"123 Cat Way";"Catopolis";"Arizona";11111;"United States"
3;"TieDyeQueen";"root";3;"Steven";"Krall";"tiedyeforever@colors.com";2147483647;"123 Rainbow Ave";"Prism";"Psychadelic";12345;"USA"
4;"MamboNumber5";"root";3;"Maria";"Manacito";"mm@mm.com";2147483647;"1234 manzy rd";"Manzy";"MI";66748;"USA"
5;"hsawkins0";"5dHZxwGSUo";3;"Hakim";"Sawkins";"hsawkins0@example.com";2147483647;"6604 Merchant Street";"Newark";"New Jersey";7188;"United States"
6;"bcockhill1";"RVyt42Jv";3;"Benedicta";"Cockhill";"bcockhill1@miibeian.gov.c";2147483647;"5889 Mcguire Lane";"Wichita";"Kansas";67220;"United States"
7;"acupitt2";"Hgg3BHk28";3;"Andreana";"Cupitt";"acupitt2@ca.gov";2147483647;"904 Express Court";"Atlanta";"Georgia";30316;"United States"
8;"sluchetti3";"zenLnJWcf";3;"Sibella";"Luchetti";"sluchetti3@washingtonpost";2147483647;"70 Pearson Street";"Jackson";"Mississippi";39216;"United States"
9;"cduckfield4";"Hh0CKGVJgU3r";3;"Charmine";"Duckfield";"cduckfield4@hud.gov";2147483647;"146 Utah Park";"Lansing";"Michigan";48956;"United States"
10;"gmunton5";"4H4lHunw";3;"Gina";"Munton";"gmunton5@ning.com";2147483647;"8241 Surrey Avenue";"Midland";"Texas";79710;"United States"
11;"iearpe6";"XJSzqBuTjaRX";3;"Igor";"Earpe";"iearpe6@amazonaws.com";2147483647;"325 Nova Point";"Roanoke";"Virginia";24029;"United States"
12;"achattey7";"snZ0d6wT";3;"Adolphe";"Chattey";"achattey7@wikispaces.com";2147483647;"91 Sugar Alley";"Spokane";"Washington";99220;"United States"
13;"cdamiata8";"KWzGkOaOG";3;"Clementius";"Damiata";"cdamiata8@xinhuanet.com";2147483647;"4 Bashford Center";"Saginaw";"Michigan";48609;"United States"
14;"slyles9";"qNtyqI";3;"Sabrina";"Lyles";"slyles9@dailymail.co.uk";2147483647;"2 Eastlawn Road";"Tampa";"Florida";33680;"United States"
15;"ameasora";"ziZ3LTMt";3;"Arabella";"Measor";"ameasora@nyu.edu";2147483647;"46214 Kim Lane";"New York City";"New York";10099;"United States"
16;"wtinanb";"VqNlYnVV1";3;"Wes";"Tinan";"wtinanb@mit.edu";2147483647;"043 Pearson Terrace";"Reno";"Nevada";89519;"United States"
17;"sgladmanc";"X7rDwkyVs";3;"Sully";"Gladman";"sgladmanc@shop-pro.jp";2147483647;"10 Blaine Junction";"Richmond";"California";94807;"United States"
18;"bthysd";"JzJpVSfxkGY";3;"Bertie";"Thys";"bthysd@sbwire.com";2147483647;"987 David Parkway";"Huntington";"West Virginia";25770;"United States"
19;"emcneelye";"YVESBp";3;"Earl";"McNeely";"emcneelye@livejournal.com";2147483647;"5 Florence Pass";"San Francisco";"California";94116;"United States"
20;"gstoutherf";"dN1SvCETW";3;"Galven";"Stouther";"gstoutherf@is.gd";2147483647;"4 New Castle Center";"Sacramento";"California";95894;"United States"
21;"jdowningg";"5SJvEj";3;"Jackquelin";"Downing";"jdowningg@biglobe.ne.jp";2147483647;"4617 Lerdahl Point";"San Francisco";"California";94164;"United States"
22;"fiacopoh";"mALllrAmg";3;"Flint";"Iacopo";"fiacopoh@about.me";2147483647;"31643 Gerald Place";"Rochester";"Minnesota";55905;"United States"
23;"csarjenti";"Ndyh9cM8";3;"Caron";"Sarjent";"csarjenti@army.mil";8978819;"1279 Ryan Avenue";"Pittsburgh";"Pennsylvania";15266;"United States"
24;"tstoitej";"NfTPO7FjuVsg";3;"Tommi";"Stoite";"tstoitej@lycos.com";2147483647;"71 Valley Edge Lane";"Topeka";"Kansas";66622;"United States"
25;"dmerrillk";"PieKEcY";3;"Dayle";"Merrill";"dmerrillk@cafepress.com";2147483647;"862 Green Ridge Parkway";"Chicago";"Illinois";60619;"United States"
26;"cdevillel";"6Zjpi4gQ";3;"Cherida";"De-Ville";"cdevillel@mozilla.org";2147483647;"36249 Transport Lane";"Green Bay";"Wisconsin";54313;"United States"
27;"giacabuccim";"eimKwFwk50c";3;"Gwennie";"Iacabucci";"giacabuccim@flavors.me";2147483647;"60378 Corben Drive";"San Jose";"California";95123;"United States"
28;"kfaughnann";"DrGJYwa";3;"Kaila";"Faughnan";"kfaughnann@economist.com";2147483647;"5505 Clyde Gallagher Way";"San Jose";"California";95123;"United States"
29;"jrahlofo";"iieXweb9ie";3;"Jenda";"Rahlof";"jrahlofo@tripod.com";2147483647;"71 Hoffman Hill";"Evansville";"Indiana";47719;"United States"
30;"mgerataschp";"I9b0NJusFw";3;"Myca";"Geratasch";"mgerataschp@skyrock.com";2147483647;"550 Victoria Park";"Durham";"North Carolina";27705;"United States"
31;"wlempertzq";"Axi0qX";3;"Wynn";"Lempertz";"wlempertzq@sphinn.com";2147483647;"752 Stephen Way";"Longview";"Texas";75605;"United States"
32;"koldingr";"kfCv3bKEB";3;"Kristofor";"Olding";"koldingr@quantcast.com";2067419419;"150 Scott Junction";"Seattle";"Washington";98195;"United States"
33;"tcarpmiles";"Yk2DkrkLl";3;"Thoma";"Carpmile";"tcarpmiles@merriam-webste";2147483647;"1 Northfield Crossing";"Berkeley";"California";94705;"United States"
34;"fhaldent";"dUaxXzWI5";3;"Francyne";"Halden";"fhaldent@last.fm";2147483647;"8461 Valley Edge Circle";"Mobile";"Alabama";36616;"United States"
35;"rmacliceu";"JqrkPw";3;"Rutter";"MacLice";"rmacliceu@oaic.gov.au";2147483647;"42550 Westport Hill";"Baltimore";"Maryland";21211;"United States"
36;"bovettv";"6hO3kI";3;"Brenden";"Ovett";"bovettv@ft.com";2147483647;"4524 Hintze Terrace";"Murfreesboro";"Tennessee";37131;"United States"
37;"jbranchflowerw";"7YpUy2s2";3;"Johna";"Branchflower";"jbranchflowerw@comcast.ne";2035370772;"83 Twin Pines Crossing";"New Haven";"Connecticut";6520;"United States"
38;"sgergherx";"FbigYH7VKy36";3;"Sibbie";"Gergher";"sgergherx@mozilla.org";2147483647;"1 Sutherland Trail";"Louisville";"Kentucky";40210;"United States"
39;"rbabingtony";"rMlpUE3ggjAr";3;"Rafferty";"Babington";"rbabingtony@slate.com";2147483647;"18920 Jenna Alley";"North Las Vegas";"Nevada";89036;"United States"
40;"lcoweyz";"6L78a6";3;"Lori";"Cowey";"lcoweyz@arstechnica.com";2147483647;"7954 Golf Trail";"Chicago";"Illinois";60630;"United States"
41;"esibbit10";"Dc9ITXm4yY11";3;"Easter";"Sibbit";"esibbit10@amazon.co.jp";2147483647;"9123 Banding Place";"Monticello";"Minnesota";55590;"United States"
42;"fhickin11";"cANzg8";3;"Farica";"Hickin";"fhickin11@marketwatch.com";2147483647;"609 Barby Road";"Gadsden";"Alabama";35905;"United States"
43;"mmuccino12";"rfZjij0GnuA3";3;"Maurita";"Muccino";"mmuccino12@slashdot.org";2147483647;"07 Clove Trail";"Shawnee Mission";"Kansas";66205;"United States"
44;"hsquibe13";"uO22O3";3;"Hube";"Squibe";"hsquibe13@seesaa.net";2147483647;"09251 Norway Maple Circle";"Charleston";"West Virginia";25389;"United States"
45;"elapwood14";"CMnBOcUUG";3;"Ephrem";"Lapwood";"elapwood14@google.ca";2147483647;"16348 Crest Line Way";"Charleston";"West Virginia";25326;"United States"
46;"cwestwell15";"lYplWqAlOh";3;"Catherin";"Westwell";"cwestwell15@fema.gov";2147483647;"26 Pleasure Street";"Houston";"Texas";77010;"United States"
47;"nfindon16";"NxdlwNbqw";3;"Natalina";"Findon";"nfindon16@gravatar.com";2147483647;"16 Green Alley";"Staten Island";"New York";10305;"United States"
48;"ggipp17";"CZ01jc3Jw4v9";3;"Glad";"Gipp";"ggipp17@nytimes.com";2147483647;"224 Clarendon Circle";"Anchorage";"Alaska";99599;"United States"
49;"zpund18";"CpwOtOOpE";3;"Zackariah";"Pund";"zpund18@archive.org";2147483647;"8593 Vernon Junction";"Fort Lauderdale";"Florida";33336;"United States"
50;"lchesman19";"QxgCeg";3;"Lowe";"Chesman";"lchesman19@wisc.edu";2147483647;"9545 Reindahl Pass";"Jacksonville";"Florida";32255;"United States"
51;"kgrog1a";"4jsLBMlV";3;"Kacey";"Grog";"kgrog1a@flavors.me";2147483647;"41 Shasta Court";"Riverside";"California";92513;"United States"
52;"tchant1b";"a1NTDfRG3";3;"Tricia";"Chant";"tchant1b@ucla.edu";2147483647;"667 Namekagon Court";"Corpus Christi";"Texas";78470;"United States"
53;"nsalvage1c";"4Rf7UCH";3;"Nilson";"Salvage";"nsalvage1c@techcrunch.com";2147483647;"3073 Westridge Hill";"Santa Barbara";"California";93150;"United States"
54;"keagles1d";"28RFYFiRtRP";3;"Keary";"Eagles";"keagles1d@bizjournals.com";2147483647;"1 Randy Pass";"Springfield";"Virginia";22156;"United States"
55;"bhedaux1e";"n7p4i8KlGuG";3;"Brook";"Hedaux";"bhedaux1e@jalbum.net";2147483647;"2 Hermina Place";"Milwaukee";"Wisconsin";53215;"United States"
56;"mwrigley1f";"0jQSPdO";3;"Malvin";"Wrigley";"mwrigley1f@tamu.edu";2147483647;"22 Annamark Center";"Amarillo";"Texas";79116;"United States"
57;"pmcpaike1g";"ysrDcqYBoRWQ";3;"Peadar";"McPaike";"pmcpaike1g@reverbnation.c";2038411488;"3 Red Cloud Avenue";"Waterbury";"Connecticut";6726;"United States"
58;"akendal1h";"deGfLp";3;"Anabel";"Kendal";"akendal1h@cpanel.net";2147483647;"9 Brickson Park Parkway";"Carson City";"Nevada";89706;"United States"
59;"ehowell1i";"a0bowJ1";3;"Esther";"Howell";"ehowell1i@shop-pro.jp";2147483647;"0 South Road";"Little Rock";"Arkansas";72215;"United States"
60;"tterrazzo1j";"Y5b2jxyHXDBA";3;"Torrin";"Terrazzo";"tterrazzo1j@networkadvert";2147483647;"65323 Katie Center";"Decatur";"Illinois";62525;"United States"
61;"okippax1k";"nqmUCXKsEx";3;"Olly";"Kippax";"okippax1k@rakuten.co.jp";2147483647;"4422 Buell Lane";"Spring";"Texas";77386;"United States"
62;"idirocca1l";"3B806B";3;"Imogen";"di Rocca";"idirocca1l@state.tx.us";2124096985;"22 Homewood Street";"New York City";"New York";10160;"United States"
63;"bwhickman1m";"OF2ndcXRspN";3;"Brannon";"Whickman";"bwhickman1m@yale.edu";2029715028;"390 Quincy Alley";"Washington";"District of Columbia";20599;"United States"
64;"rbage1n";"M2xxZ8dBHZrb";3;"Rozanna";"Bage";"rbage1n@php.net";2147483647;"8 Glacier Hill Center";"San Jose";"California";95173;"United States"
65;"bknatt1o";"KzeoFWzbGfR";3;"Broddy";"Knatt";"bknatt1o@icq.com";2147483647;"2 Dixon Hill";"San Jose";"California";95133;"United States"
66;"cnoddle1p";"Kzi2fpxdY5H";3;"Corrianne";"Noddle";"cnoddle1p@constantcontact";2147483647;"0 Claremont Road";"Oklahoma City";"Oklahoma";73109;"United States"
67;"cfranklin1q";"9kudBtIj";3;"Crysta";"Franklin";"cfranklin1q@bravesites.co";2147483647;"19 Fairview Alley";"Lexington";"Kentucky";40596;"United States"
68;"rogormally1r";"Qry3awAPHPA6";3;"Randy";"O'Gormally";"rogormally1r@wikipedia.or";2147483647;"168 Express Parkway";"Oakland";"California";94611;"United States"
69;"pfison1s";"BhwkZh";3;"Perkin";"Fison";"pfison1s@webnode.com";2147483647;"0057 American Ash Plaza";"Colorado Springs";"Colorado";80930;"United States"
70;"dkeyhoe1t";"yRncYr";3;"Daron";"Keyhoe";"dkeyhoe1t@icq.com";2147483647;"63589 Sommers Hill";"Tampa";"Florida";33686;"United States"
71;"bbettleson1u";"WWi6wGSd5b";3;"Blondell";"Bettleson";"bbettleson1u@disqus.com";2027774433;"36 Killdeer Circle";"Washington";"District of Columbia";20546;"United States"
72;"dcoppock1v";"ukSRhQG";3;"Dilan";"Coppock.";"dcoppock1v@pbs.org";2147483647;"857 Miller Point";"El Paso";"Texas";88569;"United States"
73;"tsimunek1w";"eFWUcWDwO";3;"Thurstan";"Simunek";"tsimunek1w@csmonitor.com";2147483647;"2 Village Green Hill";"Bronx";"New York";10464;"United States"
74;"wsaura1x";"ILDMrF0Bc";3;"Warren";"Saura";"wsaura1x@cbslocal.com";2147483647;"829 Schmedeman Point";"Vancouver";"Washington";98664;"United States"
75;"aveness1y";"mEJdAPPhi";3;"Avrit";"Veness";"aveness1y@comsenz.com";2147483647;"56 Melby Terrace";"Seattle";"Washington";98166;"United States"
76;"ymorford1z";"SyX7ZIYf976";3;"Yvon";"Morford";"ymorford1z@tuttocitta.it";2147483647;"23902 Rutledge Pass";"Fresno";"California";93709;"United States"
77;"astarford20";"b2mtPjHx";3;"Abraham";"Starford";"astarford20@wordpress.org";2147483647;"31451 Kinsman Center";"Miami";"Florida";33185;"United States"
78;"mcroutear21";"DP2uqvBuM";3;"Marjorie";"Croutear";"mcroutear21@youtu.be";2147483647;"0 Esch Plaza";"San Bernardino";"California";92410;"United States"
79;"asambiedge22";"hRo6y2";3;"Alastair";"Sambiedge";"asambiedge22@pen.io";2147483647;"4 Leroy Terrace";"San Jose";"California";95160;"United States"
80;"ctaleworth23";"qZd0XBRxH7";3;"Coreen";"Taleworth";"ctaleworth23@pcworld.com";2147483647;"551 Lakewood Court";"Sacramento";"California";95833;"United States"
81;"oyockney24";"EUhTVVqC8R";3;"Obie";"Yockney";"oyockney24@fema.gov";2147483647;"65140 Orin Road";"Saint Louis";"Missouri";63150;"United States"
82;"rmahy25";"P5LXkE";3;"Robby";"Mahy";"rmahy25@domainmarket.com";2147483647;"694 Tony Parkway";"Wilmington";"Delaware";19892;"United States"
83;"kbalfre26";"KPAoOUYrUPTx";3;"Kimmie";"Balfre";"kbalfre26@cnn.com";2147483647;"43294 Valley Edge Crossing";"Herndon";"Virginia";22070;"United States"
84;"orentilll27";"Xgc75C";3;"Octavius";"Rentilll";"orentilll27@nytimes.com";2025505017;"53 Jenna Drive";"Washington";"District of Columbia";20404;"United States"
85;"gfearn28";"fNdgT77";3;"Gail";"Fearn";"gfearn28@wikia.com";2126368692;"98 John Wall Pass";"New York City";"New York";10292;"United States"
86;"mscott29";"FhqH7eJsa";3;"Marys";"Scott";"mscott29@cmu.edu";2147483647;"72 Farragut Street";"Omaha";"Nebraska";68164;"United States"
87;"ecauser2a";"Ta5Y1GWI";3;"Eadmund";"Causer";"ecauser2a@ycombinator.com";2147483647;"0210 Tomscot Center";"Miami";"Florida";33142;"United States"
88;"hgiovani2b";"ukFT57d0rtX";3;"Hatty";"Giovani";"hgiovani2b@jalbum.net";2147483647;"45216 Chive Center";"Chicago";"Illinois";60652;"United States"
89;"jchastenet2c";"rdSuhf";3;"Jane";"Chastenet";"jchastenet2c@wunderground";2147483647;"071 Debs Terrace";"New Bedford";"Massachusetts";2745;"United States"
90;"blefrank2d";"QmvZxm2";3;"Brynne";"Le Frank";"blefrank2d@dailymail.co.u";2147483647;"73 Sunnyside Parkway";"New Orleans";"Louisiana";70116;"United States"
91;"amckibben2e";"RESR6ui720GI";3;"Adolpho";"McKibben";"amckibben2e@wix.com";2147483647;"43 Hayes Avenue";"Los Angeles";"California";90020;"United States"
92;"rcrisford2f";"fAQYjs";3;"Rowena";"Crisford";"rcrisford2f@zdnet.com";2147483647;"32 Crowley Drive";"Lexington";"Kentucky";40515;"United States"
93;"bbaiyle2g";"OBpo4aN";3;"Bev";"Baiyle";"bbaiyle2g@wix.com";2147483647;"32177 Express Drive";"Norfolk";"Virginia";23520;"United States"
94;"nstudd2h";"V6uRIt";3;"Norri";"Studd";"nstudd2h@blog.com";2147483647;"08 Eggendart Road";"Davenport";"Iowa";52809;"United States"
95;"bwear2i";"IlAp4fJGq0";3;"Bren";"Wear";"bwear2i@163.com";2147483647;"138 Oneill Street";"Raleigh";"North Carolina";27658;"United States"
96;"rwhitwam2j";"jMzk7bLs8n";3;"Randall";"Whitwam";"rwhitwam2j@infoseek.co.jp";2022966541;"777 Scofield Avenue";"Washington";"District of Columbia";20099;"United States"
97;"fhutson2k";"VQXAYzGzJzW";3;"Faber";"Hutson";"fhutson2k@slideshare.net";2147483647;"20 Blue Bill Park Avenue";"West Palm Beach";"Florida";33416;"United States"
98;"jtanton2l";"eV9hSxE";3;"Jeannine";"Tanton";"jtanton2l@ameblo.jp";2121415245;"3 Jana Hill";"New York City";"New York";10014;"United States"
99;"slornsen2m";"neyc8WfDZbaE";3;"Sophey";"Lornsen";"slornsen2m@netlog.com";2147483647;"7758 Roth Circle";"Independence";"Missouri";64054;"United States"
100;"tbingham2n";"GzY3OCRCfOvV";3;"Tobie";"Bingham";"tbingham2n@trellian.com";2147483647;"3 Marcy Drive";"Saint Petersburg";"Florida";33705;"United States"
101;"wullyatt2o";"fYqzEzQ8Xen7";3;"Wilfred";"Ullyatt";"wullyatt2o@pen.io";2147483647;"4357 Delaware Place";"Trenton";"New Jersey";8603;"United States"
102;"tjocic2p";"SLoC7XmgGmD1";3;"Tobit";"Jocic";"tjocic2p@house.gov";2147483647;"0295 Alpine Plaza";"Trenton";"New Jersey";8608;"United States"
103;"tewell2q";"aHmnYt2e1R";3;"Theadora";"Ewell";"tewell2q@com.com";2147483647;"8 Toban Circle";"Colorado Springs";"Colorado";80910;"United States"
104;"jnarraway2r";"OjEz6w0";3;"Josias";"Narraway";"jnarraway2r@discovery.com";2147483647;"7337 Kenwood Terrace";"Columbus";"Ohio";43220;"United States"
105;"WubbaWoo";"root";3;"Samantha";"Krall";"me@catsRUs.com";2147483647;"123 Cat Way";"Catopolis";"Arizona";11111;"United States"
106;"WubbaWoo";"root";3;"Samantha";"Krall";"me@catsRUs.com";2147483647;"123 Cat Way";"Catopolis";"Arizona";11111;"United States"
107;"WubbaWoo";"root";3;"Samantha";"Krall";"me@catsRUs.com";2147483647;"123 Cat Way";"Catopolis";"Arizona";11111;"United States"
